,A,B,C,D
2000-01-01,-1.1485130120263092,0.7451671183783822,-0.8023043825067815,0.9372279561686716
2000-01-02,0.7432023137198065,0.8930210516125233,1.270171015539786,2.21726314877686
2000-01-03,1.5549001612874063,0.5459619183032316,1.8364759932057109,1.477924109130262
2000-01-04,1.0821442936089802,1.6953179004033423,0.9941443425845156,0.07981788224816877
2000-01-05,1.7449128080724887,1.8143133633506394,0.9444501813854252,-1.3643980018631392
2000-01-06,-0.33991074305039426,1.2489832679843191,0.7296671985247625,-0.018992593910625466
2000-01-07,-0.6474788473758273,1.2510689553344398,2.1340398419107087,-0.9753360082335146
2000-01-08,-1.7404329566255103,1.613934509569451,2.8360602636814667,-0.4042584892094857
2000-01-09,-2.5823784948760196,-0.23022000558673517,3.4023020922704843,-0.03202780973979197
2000-01-10,-3.1049464059817375,1.2110620709869029,3.9634417703291165,0.3463922712101972
2000-01-11,-1.311238430041819,0.46641694184306925,4.710788011746027,0.637157349123573
2000-01-12,-1.484448633438535,0.4986327254692032,5.883220223113854,0.9778825033452977
2000-01-13,-2.0930363839104613,1.416743909292647,5.4162505570489445,1.752975972291368
2000-01-14,-2.4418134107322746,1.8455578228392022,6.354338936835402,4.064957912455309
2000-01-15,-2.2230590182897365,2.078384470597129,6.581787905615032,5.34287073529936
2000-01-16,-3.094537741354215,1.5375472607168212,6.2310271135263715,5.997122646784572
2000-01-17,-2.2802794515775764,0.7006851462811197,6.663941367043096,5.895113452212287
2000-01-18,-3.0865539379427167,1.8130392572516691,6.083722435652458,7.126524677968951
2000-01-19,-4.462668531254767,-1.2164192671316925,6.525641122766222,7.116547316988571
2000-01-20,-3.6042923795886948,-1.1698583057024208,4.783925798335004,7.5265908130657575
2000-01-21,-5.838368474730727,-0.8651309262806297,5.401719650353036,5.458298681384344
2000-01-22,-5.194890191225152,-2.6829111792453766,5.090522854471487,4.718579267721486
2000-01-23,-5.6254148926959715,-1.9855634552273485,4.554102661759829,5.182454465791633
2000-01-24,-3.56788938453739,-1.2958489510388715,4.236395032787603,4.055878736279017
2000-01-25,-2.720734363535066,-1.8010115752076017,3.8082570667976645,3.786221080841772
2000-01-26,-2.8996618735828754,-2.1048797001924013,3.846822307621905,3.424730755090004
2000-01-27,-3.7189777114007807,-2.5229636475085786,3.795928504277041,2.01618621159435
2000-01-28,-2.4218153755037832,-1.6359289916025022,4.292226642337538,0.6990628006647177
2000-01-29,-2.1946353212374667,-1.6977250496032747,4.141803735413171,2.1009987193647923
2000-01-30,-2.13322655224962,-1.2530731140733615,4.2347320688303975,2.6095724807145677
2000-01-31,-1.5209992599115607,-1.697780906844559,5.1145532777828615,3.2814919190936425
2000-02-01,-1.1096284524066078,-1.6331258265958346,6.007879160501814,1.6976164655203703
2000-02-02,-2.840924499919601,-1.0380813217752323,5.257394006713501,1.620324216261828
2000-02-03,-1.6013264226412798,-0.342744128212752,5.141248506953133,1.090000221105513
2000-02-04,-2.166517641890347,0.23972891996194545,5.469222815232088,-0.10182235188442523
2000-02-05,-0.7670352397153068,0.3622737551209686,6.841347105421779,-0.3031515263900004
2000-02-06,-1.721057015855624,0.7215667385068258,6.829942997985544,-1.564275626139067
2000-02-07,-1.478788226749029,0.9621617405811692,4.5916438750229105,-1.8518076835188277
2000-02-08,-0.6935043838712238,1.5838735479595685,3.9552130206098455,-2.1224424780534723
2000-02-09,0.14924089220944325,2.679857456205246,3.2823643205015354,-1.0509646563575878
2000-02-10,-0.39117909657782,3.3861676374646192,1.578763426327686,-1.0885106682275352
2000-02-11,-2.3556033190387735,3.559768924855907,2.2774445236984446,0.7688591418596638
2000-02-12,-2.5345073661473787,4.655194453801187,2.917690013859083,2.251240744295985
2000-02-13,-2.9121703278039486,6.0065649008195745,4.104965928534899,0.5606521971966267
2000-02-14,-2.029744150774669,5.519672480561885,4.317980300425734,-0.1835195010048397
2000-02-15,-3.0983073360813647,5.7883607119354,6.797368758005101,-0.9183816456128306
2000-02-16,-4.441514625232824,5.7471179863472726,6.982447411974485,-1.5635490065018822
2000-02-17,-4.010518485702131,5.685305310135497,7.486712140442046,-0.5504530604348514
2000-02-18,-3.0277775954790407,3.751041356317282,7.054366981813658,-1.1913740044413954
2000-02-19,-4.912409664460759,3.4828791045400016,5.6440521269097195,-0.8796933001578221
2000-02-20,-3.009017510135976,2.628323882533543,7.473674428274087,-0.2860586751979972
2000-02-21,-1.7682671029410983,1.6991710957372659,8.198550680543148,1.533852542629562
2000-02-22,-2.020675573927376,-0.3115419327261342,7.946208147818133,0.7398884216976835
2000-02-23,-2.6983077294955446,-1.0011609073520686,8.984785690765278,-0.30808021876459457
2000-02-24,-2.467233752912353,-2.114716937737856,8.89146196093831,1.2857012481057708
2000-02-25,-4.058813605140502,-2.9190084490357115,8.779588358115808,-0.0491096300859053
2000-02-26,-5.072253599806726,-3.664302866948149,8.472491733663414,0.9622632836189848
2000-02-27,-5.294432170537033,-2.292477815890647,8.939697163816469,0.9003380974240107
2000-02-28,-6.558929753292414,-3.0164155268696575,7.754212455840089,1.5866283198937978
2000-02-29,-8.9668920370434,-2.5393940255118883,8.29115644819755,1.8292999585895842
2000-03-01,-10.68790423118627,-3.1886866161761738,9.34424013291263,0.4749432361707593
2000-03-02,-11.110854654253407,-2.2180846920171144,9.388281591560542,0.07976209742345342
2000-03-03,-9.730202740663401,-3.4439087716448276,9.718173133849573,1.377701220149296
2000-03-04,-9.291156707373956,-2.743289416128335,11.105689709494579,1.8441552789977542
2000-03-05,-10.057483080727783,-4.469935463947335,11.093397895815231,2.1876976380813815
2000-03-06,-12.162945819863939,-5.09159750995509,11.331079484225738,3.5175211179352077
2000-03-07,-11.858763967571619,-3.7947338398069377,11.827955200878439,4.277008524134183
2000-03-08,-10.947987270293497,-3.364332863760003,10.667994150328935,3.434754956630746
2000-03-09,-11.464277677864326,-3.3487850120070655,10.542052438806397,4.84088700119324
2000-03-10,-11.875261887579494,-3.6493420101533913,11.948629094763719,4.5861668114650005
2000-03-11,-11.607402753795592,-5.449739542812912,13.02903379850118,7.246296380623685
2000-03-12,-10.899646417635186,-4.92277413891419,11.586056666340165,6.58487546520041
2000-03-13,-12.127384854080697,-6.05547572079514,11.428045426746149,7.173961208269027
2000-03-14,-11.574089412456683,-5.399752073726388,11.57411466836844,5.772696352220807
2000-03-15,-12.37845048677811,-4.221444486627372,11.003345342763819,4.531498550913293
2000-03-16,-13.913949605892952,-3.4009575088403023,10.67319380879828,4.5237198455955605
2000-03-17,-13.331814595182843,-4.001586454930018,9.542137912557891,4.724405348939315
2000-03-18,-13.016258050566625,-3.4339799679197007,10.550604624044654,2.7155723481846024
2000-03-19,-12.290022677829626,-2.441967935051681,9.582409813409441,2.6229592188778588
2000-03-20,-12.026124235804616,-1.6868640487464157,7.7591949569812275,3.8016734986560663
2000-03-21,-14.108592210333917,-0.2995799832094146,5.747722716578748,4.138618639531463
2000-03-22,-14.56194092365727,-1.5552108800921673,6.37233994767209,5.667444949632643
2000-03-23,-15.09573220387697,-1.436357640943575,4.310752008360593,5.93454541968123
2000-03-24,-15.290568649414748,-2.5299716821749576,3.4437417566680297,5.8797206952734955
2000-03-25,-15.015233564647225,-0.8789322309221173,5.649752754261158,5.784314370220166
2000-03-26,-15.568696540395774,0.07969761253126995,6.092999023546298,6.838142072731574
2000-03-27,-14.583720655949616,1.2330115864954379,4.0189794647593375,6.408879301485181
2000-03-28,-13.65117658753986,0.7772011447817568,4.213222379096293,7.973589457486463
2000-03-29,-12.58472786318694,1.2158892291698498,4.639573777931679,7.870552268217827
2000-03-30,-13.397670802624326,1.071481797077499,2.939545701687633,7.700363611504069
2000-03-31,-13.581965866177423,-0.34913055334021204,3.4722850753111425,8.860102562012585
2000-04-01,-14.01026104285324,-1.7419652403919599,4.996939388744192,7.861787634361365
2000-04-02,-14.580804194540669,0.7055162425190205,4.5543564638686265,9.056611809666009
2000-04-03,-14.987342051962008,-1.6117876727721485,3.717819061193228,7.666371325435115
2000-04-04,-13.815414259932869,-0.5954888131771789,3.035156118807614,7.335932225794723
2000-04-05,-13.835935525442073,-2.05178888122901,3.714913214485776,6.301479300842092
2000-04-06,-13.364362175175376,-3.5733724400889515,5.642136357352671,4.949557906802257
2000-04-07,-13.287004495639334,-5.377587392071949,5.415677291020318,5.72182258564394
2000-04-08,-14.694209703916925,-7.018861135559804,4.80838538809936,5.845095455850163
2000-04-09,-14.07317901881147,-7.584617144663973,4.7952626682863855,6.164982950435414
2000-04-10,-13.265742477577817,-6.207253980736997,4.364211338677121,5.327293617385537
2000-04-11,-13.579658409191888,-8.46293426384917,4.0025931429050905,6.3072893051096806
2000-04-12,-14.549333806468608,-7.322803827929021,2.808541121640242,6.216966957989979
2000-04-13,-15.233226210375726,-7.047749546786456,2.671417904122747,6.789703542884639
2000-04-14,-16.10055788603168,-6.052974511214249,4.1697754109891285,7.231083011084291
2000-04-15,-15.871241207689774,-6.381854822496989,5.224485029935344,8.14535684387515
2000-04-16,-17.07055712996317,-6.7185831016690285,5.032312586430722,8.564515678054423
2000-04-17,-18.57235547018326,-5.522860306484299,4.47364550778683,6.913665968072131
2000-04-18,-17.195162250928647,-5.34423048913589,3.9100581010851916,8.098011899136212
2000-04-19,-15.916263908272514,-5.419019968909833,3.73942496676563,7.970977161690154
2000-04-20,-17.09412319316452,-6.612285453865744,3.166100545748557,5.000937059343405
2000-04-21,-18.570321487178642,-7.002804759612247,2.930083593020466,5.217496873536198
2000-04-22,-17.975030772835748,-8.022030346799797,2.418847811534939,5.343998797319385
2000-04-23,-17.188512290002894,-7.299348961650467,1.9289313152190428,4.8199219269787115
2000-04-24,-18.799317216263326,-6.64821152071362,1.3120018020412152,4.622970647628451
2000-04-25,-17.82692694221073,-7.6466461414874285,1.447925760999097,6.036755083568059
2000-04-26,-18.52585089133338,-7.421596287685595,-0.2627918929228237,7.2233341142181064
2000-04-27,-18.29080878989577,-8.665082414643445,0.48050682536832867,7.21411531835663
2000-04-28,-17.067027677428378,-8.925522898885843,-0.10003672194404478,6.176705775289263
2000-04-29,-16.999139626296675,-9.36931577860524,0.049595969902955644,4.364745931891104
2000-04-30,-17.319798987476414,-9.967790323819267,-0.7378516978094558,4.869647372415681
2000-05-01,-18.219218033823047,-11.624020843091417,-1.0993601659547352,5.900950614137854
2000-05-02,-17.584214608870806,-10.814354620656742,-1.8634849303663008,6.479307472374455
2000-05-03,-17.937699426656703,-9.454908521588477,-1.7848171321512847,7.498629044990146
2000-05-04,-18.373951133808756,-10.521982799139911,-0.405300055187404,6.0129327919847935
2000-05-05,-20.33230788571477,-10.092608350222523,0.23222118717400841,7.4313945095584755
2000-05-06,-20.196170767997664,-9.671130793987537,-3.467333653965186,5.9148470437282015
2000-05-07,-19.65661619241794,-9.26237581063023,-3.2964992392646075,7.0212160592833
2000-05-08,-20.900033304888847,-8.404053372610521,-2.7895082130492552,7.938687660440125
2000-05-09,-22.30579854521284,-9.60102524049688,-4.762118273645088,7.375289181675974
2000-05-10,-22.053248206239825,-7.869308330785763,-4.658215078931724,9.146857129538732
2000-05-11,-23.200300874270862,-8.365495960588522,-4.3420853816902625,9.978858723996387
2000-05-12,-23.68947832568764,-7.763084621614073,-5.016036630829635,9.2373415124555
2000-05-13,-21.707483664716385,-8.521344143966717,-4.725826827294228,10.689172978960613
2000-05-14,-23.82213640271197,-7.340989109729821,-5.216632848849241,11.064847523570146
2000-05-15,-25.665564223683035,-8.008403031060938,-6.135609330435084,10.848047892268427
2000-05-16,-25.62800351484237,-10.20590427003301,-5.751330013019056,12.248429543010266
2000-05-17,-25.801727317044037,-9.327769343194133,-5.7918726175651525,12.067340593651217
2000-05-18,-25.47000489425563,-9.330798335569973,-5.134169771671409,10.846715810274269
2000-05-19,-24.387767670252067,-10.3926812764567,-4.558903343516797,10.218578511022187
2000-05-20,-26.414965919291138,-9.725578233556943,-6.37966787364508,10.363001549461496
2000-05-21,-25.100349320274255,-8.95120145288885,-6.2979984175646715,9.852051223304903
2000-05-22,-24.2719995811522,-7.9498034225780305,-6.002679366072755,11.424082824630739
2000-05-23,-23.465040344622828,-8.92601254135612,-6.410063969450713,12.755564539958703
2000-05-24,-25.297710100775017,-8.867891034255699,-7.553450148452274,12.564218027101724
2000-05-25,-26.208428992809754,-6.974182298696013,-6.50443763270417,12.336748509764822
2000-05-26,-26.621701495970658,-6.161565908907265,-6.301539268640844,10.076209615724752
2000-05-27,-26.87658861734454,-7.362778373888925,-7.599228852878028,9.845908450144002
2000-05-28,-26.82268270281138,-8.469501865439446,-7.976824802894751,8.137815316759964
2000-05-29,-26.50430008882064,-8.39412588689947,-9.171452861883267,7.683473602321392
2000-05-30,-27.687809937654205,-8.251318481857275,-9.189545873601876,8.188147471217238
2000-05-31,-28.01769045075425,-8.169561020126922,-10.243454746290434,10.94477264465519
2000-06-01,-27.05977675736336,-8.528875199156895,-10.171831039101965,8.917419021638906
2000-06-02,-27.664697947200427,-8.158704175873266,-11.9518643830431,10.741516372843424
2000-06-03,-27.37753572836879,-6.746089088728883,-10.956032410462257,11.002483192000488
2000-06-04,-27.93190173909268,-4.9892474702678555,-11.517890332895975,9.956691683979079
2000-06-05,-27.11841836524106,-3.911826424606761,-12.462978323497692,10.98781805899261
2000-06-06,-27.19101094087733,-4.666151443348355,-12.32333770900444,11.538699954111554
2000-06-07,-27.41048164748069,-4.620876827412953,-14.536166145529116,11.906879090037593
2000-06-08,-27.783443062019945,-2.256884297689072,-18.03142550835419,13.065309803207459
2000-06-09,-27.04352328277823,-3.598076171033213,-17.91742948814016,12.538584927551117
2000-06-10,-29.780208856702846,-3.4679624155276425,-17.823567088626586,11.612614269928935
2000-06-11,-29.37510918265649,-2.8166227871566623,-17.870870676310425,12.81365028399001
2000-06-12,-29.94409857653923,-2.399188310649992,-18.0962527474501,13.803056810284339
2000-06-13,-29.052185341842854,-3.128298470791805,-18.721708738055046,13.234737774449236
2000-06-14,-28.429747329089224,-2.878389343836685,-20.820003792770972,11.479265945044926
2000-06-15,-27.33470416491256,-1.7787177612585292,-21.114682980240623,9.574576358441101
2000-06-16,-28.20523754283907,-1.4717387015817085,-21.655731699059736,9.135699545107453
2000-06-17,-29.884373014585556,-2.950079534102082,-19.995237044189007,9.501180803213614
2000-06-18,-29.121127805298343,-0.05201783334553145,-20.71343376508465,7.842832303766716
2000-06-19,-29.85811637208438,0.4690846187399508,-18.542645521965554,6.566931579991881
2000-06-20,-28.661700020673287,-0.7341411058529045,-19.59587168769708,6.819560777924286
2000-06-21,-28.179933920410388,-2.5353707777264183,-18.105246023919975,6.888880474861667
2000-06-22,-26.446608674810733,-3.3620740628783428,-20.304174920374525,7.525641233786841
2000-06-23,-25.821818915030967,-3.094942183569453,-20.04242275440072,6.961764864747679
2000-06-24,-25.84626868659485,-0.984787886294459,-17.86755826748619,7.167112286198139
2000-06-25,-27.040308090022243,0.16529645005409233,-16.757020595818933,7.901209638094272
2000-06-26,-27.111728659154203,1.4515327039425998,-17.1113547258738,8.046616414097668
2000-06-27,-28.79138327337948,1.4347463155327207,-16.45711186966097,7.41752769143784
2000-06-28,-26.76634384102779,2.261668726623026,-16.022218867310713,7.587554102742461
2000-06-29,-28.921379662476138,0.6880016118082926,-17.994780519498846,8.81476070307182
2000-06-30,-27.83424366904937,0.5147902421398778,-19.324354336177144,8.949819753666944
2000-07-01,-27.20213290365874,0.5611246174354535,-17.417605640274083,7.628392753741672
2000-07-02,-27.062616715576493,-1.1448359991470887,-15.570258983099302,7.564749774350817
2000-07-03,-27.882443833276373,-0.7099875376784109,-17.88824131668418,7.465911443825232
2000-07-04,-26.71841535236168,-0.7498461671124507,-19.59412785560363,7.5657771139993395
2000-07-05,-27.38971033025931,-0.3758833740672625,-20.013260823235385,7.375246742000801
2000-07-06,-28.228701449726643,0.2471428900988229,-23.23208542893517,5.880305626612258
2000-07-07,-26.86262940380613,-0.02903811142219903,-24.614291910710755,5.152611548570383
2000-07-08,-26.936486543470775,0.6484580220651831,-24.647277925742998,4.8138732577785195
2000-07-09,-26.87592805930552,-0.400754522959475,-24.514963074497462,5.168306448641821
2000-07-10,-26.621317476994015,-1.714645749006694,-25.46600113867182,3.8815775752243473
2000-07-11,-26.275910328357725,-0.8165791721049293,-25.18705741574049,4.182986919938126
2000-07-12,-26.966124550584535,-1.5844960741906697,-24.548738596515065,4.519372770337253
2000-07-13,-26.44059957075211,-1.439764532040249,-24.4597372982304,5.016152990880038
2000-07-14,-26.443055525343684,-0.3506144127408566,-22.49002818208181,4.0341568389716524
2000-07-15,-26.917492431816218,-0.6142081105829909,-22.73064506249896,5.3641308853921625
2000-07-16,-27.018296362195212,-0.5849162628995664,-21.486132874141234,5.175268252053293
2000-07-17,-27.10648497109223,-0.01184884124913943,-21.161375109275763,5.0199681082656324
2000-07-18,-27.40829645596374,1.3244160941332765,-19.54552047061523,5.141040525284035
2000-07-19,-26.522198725143518,0.12975259448374565,-19.61465876954284,7.362055365325665
2000-07-20,-26.709314316316334,-0.5952820079184704,-19.58829508278931,6.829719578931098
2000-07-21,-26.712324896774188,-1.3213839576470057,-19.005752402238492,6.114008427402677
2000-07-22,-27.473957101179543,-2.149224662194841,-18.9019738392804,8.851522152345439
2000-07-23,-27.359907409939158,-2.0152353720809475,-17.645139259572172,8.275950595333676
2000-07-24,-27.413157455812087,-3.37162059182963,-14.806526533105277,8.071059526126605
2000-07-25,-28.52504821257331,-3.105363220026643,-16.833580321759033,5.790429585030068
2000-07-26,-29.521407771203542,-2.8845391161405125,-17.413504205870037,6.029718078682832
2000-07-27,-30.32599402657211,-2.821540358188084,-17.021873189152704,5.960355087128479
2000-07-28,-29.71970829433286,-2.852598848162709,-17.31539049723164,5.292203646071749
2000-07-29,-29.27458124318284,-3.3360091880916793,-17.735445519507525,5.674269041872662
2000-07-30,-29.442168213375645,-3.918482206582086,-17.37443414044319,4.718109469321902
2000-07-31,-27.482878889205256,-2.8654813093776816,-16.47932997793715,3.5359449519903583
2000-08-01,-28.7910063434606,-2.305030131309392,-17.822613941838462,4.478641805530611
2000-08-02,-29.441538034716736,-1.8476685999204598,-17.638005495484432,5.544891894701232
2000-08-03,-30.792247638517775,-1.241956091985941,-18.500032855209103,6.692826963573985
2000-08-04,-32.083088791607345,-0.9998851903942169,-17.951868655329605,7.608637755615038
2000-08-05,-31.23004283231074,-0.4860572983178725,-16.260179813299366,7.6940214172899015
2000-08-06,-32.04225358801389,0.6028566959155061,-17.74303107625132,7.165812987836161
2000-08-07,-31.520766833968455,1.929709000518438,-17.547939248481537,6.939917191884883
2000-08-08,-31.1587835122456,1.5843345888024172,-19.052092822403058,7.0257882534033325
2000-08-09,-29.34212197326443,1.5835184910919389,-19.779928924184734,8.179528715443407
2000-08-10,-30.035533635205155,0.7535105099291107,-19.0594190553977,9.389777128281855
2000-08-11,-30.149919633356152,0.8429761249298815,-16.525958568311214,10.115740343942278
2000-08-12,-29.543174468703814,0.714337879213964,-16.764969450124735,11.400534706571205
2000-08-13,-30.77978019846025,2.7610803871779943,-17.551745810417735,11.510351563385562
2000-08-14,-30.584411497398108,1.1491676577197325,-15.91064805110237,13.28782944442667
2000-08-15,-30.7897536598557,1.6139156889648512,-15.541358078213172,13.771633192685956
2000-08-16,-31.21069676676438,1.7497355999533304,-16.303117801773375,14.567934818399339
2000-08-17,-30.592720978594418,1.7180857901841942,-15.135965326617432,14.083117928745065
2000-08-18,-28.426111856108626,1.4421688042284273,-14.876528800315855,13.157254375449652
2000-08-19,-28.03501417407067,0.22217833517447172,-14.83688159337228,14.122998379533458
2000-08-20,-27.857655030189544,-0.800325000060653,-14.249951735543528,14.62529617972391
2000-08-21,-29.314828838775327,-1.1263498443297602,-16.580656930825747,13.049864190675105
2000-08-22,-30.115330312002353,-1.0702715176645134,-15.658132197866802,13.469395681110228
2000-08-23,-29.317711381220388,-1.061053861981337,-17.92061439656064,14.320609135003775
2000-08-24,-29.3411797666006,-1.5642713878526124,-16.55469112311121,12.939000115022441
2000-08-25,-28.990955118107383,-0.49893249020681374,-18.45484674728885,15.090821808732905
2000-08-26,-28.538765696333353,-1.2728247336340568,-17.4275644462367,15.412581168429629
2000-08-27,-26.774730150265526,-2.7269657117185657,-16.809431066160116,16.8989816491021
2000-08-28,-25.519038559093623,-3.2089889242517193,-16.713135375343448,16.159900102906033
2000-08-29,-24.519995090026157,-2.620611002081926,-17.168959545096605,17.173983604505032
2000-08-30,-23.6850748769363,-0.5316358470860485,-17.264789668927136,17.830738515837936
2000-08-31,-22.340583674296923,-0.4435901826487296,-16.28706374108457,17.926885595987663
2000-09-01,-24.29174778136415,-1.3889190600497934,-15.789091094300467,17.621506414295343
2000-09-02,-22.803964721778673,-1.8054870675778427,-16.168419942457174,17.305078601874477
2000-09-03,-21.142972472052442,-0.909304261082115,-15.862617369437405,17.55612811506808
2000-09-04,-20.950865488926684,0.3258356920774276,-16.87348822168985,16.582584184058682
2000-09-05,-21.30692525949138,0.20923956363636798,-14.2181982661952,17.265629760908
2000-09-06,-20.545620556968483,-0.8644552037145139,-15.67128497334971,16.321885309052327
2000-09-07,-21.002541048569825,-1.7230678077901143,-15.644470254379971,16.098237041278175
2000-09-08,-19.424370351201212,0.8708096449487241,-15.496237924015128,16.4787704238495
2000-09-09,-18.925491098761604,0.3159541023597823,-18.011905940696927,17.780645434603578
2000-09-10,-18.492959003249936,-0.15966165042150238,-19.852779125869766,17.063080803894948
2000-09-11,-17.787632223626467,-0.0713837539274663,-19.48083282699506,15.971372167610724
2000-09-12,-18.031126102132234,-0.58692149834237,-19.588302219284923,14.635924671371406
2000-09-13,-17.338465483211202,0.39974638163840215,-20.05357847168733,14.92793061395667
2000-09-14,-17.04160369579158,0.0643516390261849,-18.9548787987625,13.450372412315946
2000-09-15,-17.794011317173528,-1.305449655019033,-19.331474402294305,12.15103477711344
2000-09-16,-19.417707735172286,0.03890796947987263,-18.693501174313344,12.468772683292196
2000-09-17,-18.559572639769048,-0.347005531414947,-18.23222839101805,11.194320739396945
2000-09-18,-16.19586751530644,0.1487367281970411,-18.42176276059023,11.817722436857688
2000-09-19,-14.802292912995261,-0.48773397557802334,-19.092389818004822,10.561993634040048
2000-09-20,-15.747235637538102,0.7198206652305802,-20.20870944030147,11.147669130463258
2000-09-21,-15.167639281518875,1.394079088909256,-19.50664221713295,11.084693101077734
2000-09-22,-16.732473659110394,1.4398248378450735,-20.773614539184585,8.147498908321722
2000-09-23,-15.382069367666064,0.8143943907078892,-21.656091453903684,8.305396487622245
2000-09-24,-16.14290075693011,0.8775028732529673,-21.898112449970377,8.49424893429856
2000-09-25,-16.0850845563714,0.9863235827646735,-22.113957484020844,9.195402737780174
2000-09-26,-16.754552084366928,1.3412707744922752,-21.197826772341436,10.909457738886312
2000-09-27,-18.332230163723615,2.4932236167904187,-20.77961329381725,10.858894033127012
2000-09-28,-18.16913880720269,4.374094928851252,-21.99235291115577,11.60821099718778
2000-09-29,-18.093113732478894,5.6309421190693865,-21.281691136147796,13.205231491214759
2000-09-30,-18.924066177792138,3.4749371165611835,-20.79432573467562,12.777607714190303
2000-10-01,-19.17102158817443,2.7436350905550766,-20.72726190986478,12.468657456627994
2000-10-02,-18.53277325705996,3.6020508799133686,-19.79316943076324,13.05184518514105
2000-10-03,-17.55790538382895,6.498473971318015,-20.45724362257712,12.719971127813333
2000-10-04,-18.668969695611437,4.9598400360491235,-20.31765229128103,12.708976563399135
2000-10-05,-20.62284470869963,6.3466334949807734,-19.791420207716747,12.181712723725427
2000-10-06,-20.89017888746397,6.053478920084702,-20.0071170763185,11.11243164071956
2000-10-07,-20.90962823897853,6.64555788610215,-21.464306342909502,11.152731454745313
2000-10-08,-20.222802123378347,6.534186380847981,-19.642581793253996,12.43759152281909
2000-10-09,-19.7080113442459,8.072453332259448,-19.772194029915507,11.867928881820184
2000-10-10,-20.401937681079826,7.990043193164025,-19.667357142369195,11.115028764846212
2000-10-11,-22.570670300446192,8.521178871556902,-20.114470274916673,10.887251437044785
2000-10-12,-24.217137929911217,10.292755564142327,-19.107813124323986,9.992890175369963
2000-10-13,-26.488695745097935,10.695783859166193,-20.11048758555803,9.200007326051661
2000-10-14,-28.07875489614988,10.533187937710213,-19.958149729968323,9.814834777621671
2000-10-15,-27.955564068163046,11.16606901439366,-21.883540432944077,10.393315044052535
2000-10-16,-26.9352152830387,10.984645605117434,-19.48101384006836,10.073070829758652
2000-10-17,-25.78591924614609,11.364896272430332,-18.495608910406318,9.347084474630591
2000-10-18,-26.96442581439534,10.79648706085481,-17.704806846613263,8.48551366526551
2000-10-19,-25.53591653907259,11.826834172209365,-16.600534715265386,9.773889868774445
2000-10-20,-26.942593267389448,11.171917658411116,-16.612149033320062,10.277989921632468
2000-10-21,-27.281226236329402,10.573461137253263,-17.577176755190862,9.70355552266808
2000-10-22,-27.283611967866097,9.957399829402208,-17.91260602993421,9.706370069519583
2000-10-23,-28.340739182924366,12.161841342864127,-17.619478821527917,10.367509000945008
2000-10-24,-29.21700774470603,12.032184045321126,-19.71329168626399,9.517483511363011
2000-10-25,-26.941875510455063,13.06991238507011,-19.953093561291922,10.729985632603707
2000-10-26,-26.95539603455128,12.926083690193476,-18.64687300682115,9.542470735433977
2000-10-27,-26.54058083481065,12.978551707097013,-20.419714893511216,8.53908425386311
2000-10-28,-26.23264691104493,12.22042472348387,-20.47789383481163,9.949495349912041
2000-10-29,-25.62167879834921,11.76259790979264,-20.6785006437485,10.771637174406067
2000-10-30,-25.91561933282192,10.00404002210762,-20.240101774313896,11.164481197440985
2000-10-31,-26.558169100930428,11.77916007759857,-18.97656347807913,11.407173349771396
2000-11-01,-27.238205650176663,10.015797398376698,-18.161512780160475,11.805354412270747
2000-11-02,-26.334888372419215,9.96547278282411,-18.11344895153736,10.897979178045036
2000-11-03,-26.83868824772526,8.629403157475437,-18.20461432947861,9.588992331909687
2000-11-04,-26.028002214883305,6.63298121454593,-19.59536635471309,9.8343339376685
2000-11-05,-24.902273787878407,6.604729975238882,-19.871894935196714,9.895596650214644
2000-11-06,-24.860554571939307,6.036447739602342,-20.114511418064456,9.370322498028687
2000-11-07,-23.97803609967025,7.533183561932626,-18.400486617306516,9.206107927747682
2000-11-08,-24.136936319503057,8.078628328179613,-17.664702230640792,8.054331197759307
2000-11-09,-25.47071520166401,7.1754824783686955,-19.01469009491952,9.84155956703524
2000-11-10,-24.55548030548824,7.8438061802261645,-20.196581050489648,10.872657573667775
2000-11-11,-24.894787911445675,7.631990126408515,-21.67026003727957,10.4308699848049
2000-11-12,-25.74283115158293,8.093612218760487,-21.524529297215505,11.233304712117391
2000-11-13,-26.90037357968171,6.941218268436821,-20.62558059203116,11.14832308817766
2000-11-14,-26.695826889961694,6.315426245936936,-19.254694940193865,12.3894951658025
2000-11-15,-25.863423310171306,6.195079969661627,-19.607106785280944,13.349126083947203
2000-11-16,-25.886445220999516,5.048919273522175,-18.49872654248042,13.83104327575416
2000-11-17,-27.25128799155649,4.615262844217974,-21.333845870474093,14.914258952093821
2000-11-18,-28.1422754168019,4.760361313851107,-20.56016850261026,12.948366479617084
2000-11-19,-27.331794990762663,5.045384237101923,-20.390659556494978,12.64302690959125
2000-11-20,-27.895310909556503,6.024400484500775,-20.144263045393494,13.517144072890689
2000-11-21,-26.825492427610374,5.522947043809109,-19.908757616525477,12.04765077972029
2000-11-22,-26.210448188927007,6.4533463479137145,-20.448586047038408,12.204615155881708
2000-11-23,-24.54098953540857,7.578653398888498,-21.765316367775142,10.746085382327442
2000-11-24,-22.692966722481962,8.000665510914008,-21.796419427746834,11.748961420874952
2000-11-25,-23.049261555609938,6.82022982865531,-20.951940226236168,12.951772534884286
2000-11-26,-21.804039012156416,9.314713313111252,-22.153055243899512,11.312318503668731
2000-11-27,-22.619695566588007,10.187139975510329,-22.27486152916414,12.842117942253395
2000-11-28,-20.76729328653778,9.455375632610737,-22.109247909728957,12.955779560636383
2000-11-29,-21.297007604095562,8.990854468983054,-22.33017822906001,11.496316787994024
2000-11-30,-20.427669288940873,8.645315695285943,-24.624559260586345,10.912396152468284
2000-12-01,-20.337588092627477,10.529053567118968,-25.08274888750782,9.934182339348327
2000-12-02,-20.56213078622985,10.093792667270609,-23.303893169332778,11.852958838716118
2000-12-03,-21.209858455857216,11.214745968586394,-23.085425840224175,11.91120798740335
2000-12-04,-23.331174805044732,11.111667019562743,-23.89252125432673,12.052153226737031
2000-12-05,-22.499320449622967,10.032909210612342,-24.790193616378694,11.92655232751493
2000-12-06,-20.810026395893853,9.514624095521947,-24.47753569181953,12.809349441675145
2000-12-07,-21.951007062230687,8.310178420680884,-23.448345689455657,12.238625820376834
2000-12-08,-20.991345753420152,6.805432247591794,-22.755728581128746,12.369785578142157
2000-12-09,-20.407304859290896,8.11745388962597,-24.561157651042215,13.104206803553447
2000-12-10,-21.853131440631287,9.270620942781301,-24.65194178345547,13.066830429831466
2000-12-11,-19.559608961206322,10.143279301916982,-26.131392453396384,11.487260948968654
2000-12-12,-19.199537719292945,11.377039886156172,-27.16064640312576,10.241490491761905
2000-12-13,-19.86997176693705,12.294819951828304,-27.68179383358704,8.565936566947958
2000-12-14,-20.436839236045998,12.26929904572654,-27.040206198828667,8.78941528677006
2000-12-15,-20.024483563056183,12.997151190797927,-26.81310537003688,9.254537019433572
2000-12-16,-20.800404208937106,13.294989564022394,-25.561884668008172,8.086075308870045
2000-12-17,-20.310916071488737,14.138245265367043,-26.850078242120556,8.760268149903975
2000-12-18,-20.54641803598296,13.062300078260137,-26.788349970225784,8.576266756762214
2000-12-19,-20.42551266416282,13.64067767079992,-25.3583658914587,8.831795373063326
2000-12-20,-21.030470991668825,13.836356149065985,-27.14939056801219,8.263957407145119
2000-12-21,-20.344024044382145,11.577556025578643,-26.620129865726962,8.225764539854605
2000-12-22,-20.383581185787197,9.724164713987102,-27.102026869917808,9.15096565626334
2000-12-23,-19.954071376596197,8.36546607471675,-27.14311548248292,8.128146427514427
2000-12-24,-18.749519865160888,8.98412660521638,-27.528789272096617,8.832644051751664
2000-12-25,-18.05940194561391,8.572243916329139,-26.858780412176817,9.254181384296148
2000-12-26,-18.365800324848173,9.297567579098493,-26.023326736651207,9.493297134108284
2000-12-27,-19.824144439720936,9.490315236542395,-25.927629070645445,9.444448314246527
2000-12-28,-20.327419262543962,11.790274384839663,-26.663162257687954,10.001706796441775
2000-12-29,-19.21398671756689,12.760141557278931,-26.158988965946673,10.924953433273787
2000-12-30,-21.09613126474772,13.84713241359682,-26.573790689187856,10.73950741470417
2000-12-31,-19.775139909939348,14.913421767264847,-26.710147559922838,10.852025400619404
2001-01-01,-20.392912250269713,13.935296129094741,-27.03241552886947,10.539666056258174
2001-01-02,-21.531391849026118,15.158769501169393,-27.60188432289435,12.369991460618772
2001-01-03,-19.756131480575146,15.047303343377264,-28.891151607781328,11.42348852324736
2001-01-04,-19.850115780786542,15.725082673516146,-27.6457080940037,11.83217557797485
2001-01-05,-21.14680958512603,14.687617243715609,-28.816198307341562,12.431273107144468
2001-01-06,-22.64633007304799,12.699974711325682,-28.67202080797413,13.668890868747075
2001-01-07,-24.100785747096374,13.54458974209654,-27.953304259763385,12.700556257311048
2001-01-08,-23.668226648325426,14.817699257198619,-27.971657011828395,12.854049180347033
2001-01-09,-23.981822017385785,15.168254741204295,-27.700159694618236,13.315442863533278
2001-01-10,-23.954821501072733,16.14410300258856,-29.57318275757603,14.501037385338543
2001-01-11,-25.401645741439374,14.966116980835874,-29.00600454836681,14.619503525013567
2001-01-12,-24.36415386824559,14.211736156780344,-28.157418985606792,16.04376645781146
2001-01-13,-24.906156232752117,14.25089554711008,-28.368918602625666,15.934793078834819
2001-01-14,-25.676026417011553,12.374610890422344,-27.150974573763733,15.880602104036363
2001-01-15,-25.71411852644167,12.8477212320296,-27.39157764429326,15.376539365968517
2001-01-16,-26.965511130946172,13.512045087265259,-28.685983254349996,15.20303863259475
2001-01-17,-24.72639560491242,13.78964306290416,-29.594893923991634,15.001095296789353
2001-01-18,-24.157510646998652,14.58618356272409,-29.873715663287634,16.064191433485362
2001-01-19,-23.431296079991668,14.457305184048392,-29.623914541598495,17.62406291987661
2001-01-20,-25.16065518621416,14.089292461895713,-28.29814086452386,14.897143622241412
2001-01-21,-25.21910549385542,14.416574495938097,-28.987830727473487,14.526691341888064
2001-01-22,-23.725102264371483,15.046204678045694,-28.51281764009486,14.137758693453572
2001-01-23,-23.600553532271356,15.358577917111779,-29.223486246191374,14.985305673644614
2001-01-24,-24.98184301623861,13.607076144913226,-28.699405882816844,14.66840390998992
2001-01-25,-26.614934611580928,12.88320517517977,-29.080660093020764,12.7238958436212
2001-01-26,-23.982893841301365,12.833628085431602,-31.088266801187284,13.077365077698385
2001-01-27,-24.946577120112035,13.702648102248526,-31.847393032809865,12.335164864082872
2001-01-28,-26.741467744736802,13.783852227677285,-32.13855662116698,10.449422295109471
2001-01-29,-25.517176026091185,13.329616970326398,-31.4416025265315,11.693247430044757
2001-01-30,-26.891756917731378,13.070561147232038,-32.05297167240868,12.049923804630724
2001-01-31,-26.392267797321228,13.590868656511889,-32.000825841351926,11.443841551177886
2001-02-01,-26.878719527765796,14.736108008409865,-32.818316125008096,11.745040052280896
2001-02-02,-26.790311924951407,14.449518217001335,-34.05953437908611,13.534681295594053
2001-02-03,-28.134384762232774,14.936232758450291,-35.618119697457,14.9052553977614
2001-02-04,-27.983840113755072,15.0621565456073,-34.67959383112654,13.698150938482048
2001-02-05,-28.161464313355754,14.541472456041365,-33.59675647984556,14.933294637572343
2001-02-06,-28.02823563395575,16.74152304235668,-33.8521460450462,15.74409420544042
2001-02-07,-28.029008308058742,16.63854115476309,-34.88057791925886,17.05744432164732
2001-02-08,-27.38309937317556,16.79373575991677,-34.72147855915371,16.740090887605824
2001-02-09,-27.17289013611374,16.929013177971438,-33.60051899922364,16.33954502083269
2001-02-10,-26.625048953866376,17.994870540070547,-33.85773341668724,16.99198352822837
2001-02-11,-25.297139769650876,17.693107108487656,-35.782177916322716,16.995310985472596
2001-02-12,-25.892438873282796,18.408009109543336,-36.46287427636307,18.923742267868715
2001-02-13,-25.59844066822882,19.0484488364804,-35.505070045933074,19.135309666783748
2001-02-14,-23.97159226268598,19.679538809526477,-37.18036371585126,19.536284248759472
2001-02-15,-23.810619452328545,20.864007020241875,-38.955123746980064,19.927465502741583
2001-02-16,-24.385215941757,21.155529152630702,-38.42536995362038,20.906252179702577
2001-02-17,-23.570153343081547,20.18847902066709,-36.86091928666944,20.776240477655374
2001-02-18,-23.650679406742082,18.15180762401621,-36.706505478429726,22.4678843649331
2001-02-19,-23.22694822019584,17.52189703164853,-36.70344863070334,22.285484397370986
2001-02-20,-23.21186109291859,16.609166454112238,-36.807535504187086,20.719167280253586
2001-02-21,-23.004157440721713,16.45809490618378,-35.29870872631592,20.87750192030993
2001-02-22,-23.817384691511553,16.23713146931913,-36.101174423133244,21.225000377567103
2001-02-23,-24.16237338570194,15.507900578995933,-36.018820209862724,20.746782966660884
2001-02-24,-25.03901379296263,16.70344419680457,-35.31225558785179,19.7804816923563
2001-02-25,-26.695288254622447,14.522333413568969,-35.00850598248506,21.147809282187495
2001-02-26,-26.537617319707728,11.9735235880969,-35.29432800719143,21.70213404270092
2001-02-27,-28.242781466891447,12.531226242375798,-34.57676537095082,23.61532908252879
2001-02-28,-26.71981884853756,11.469602048109353,-35.307277309395054,23.560916189972705
2001-03-01,-25.727500183165247,10.195898537030027,-36.646987891652465,24.053264758423243
2001-03-02,-24.305614171234552,10.61951422844828,-38.140024093824856,24.854735788550446
2001-03-03,-23.481699684698853,10.304583681325468,-38.40645619075086,26.1005933856787
2001-03-04,-22.738344876769364,9.353605903872834,-39.2929016009434,24.67005124803964
2001-03-05,-21.99475900497647,8.329438012929694,-39.602066093710405,23.782075761536312
2001-03-06,-22.184498975535917,8.728350021350415,-39.19279250880479,23.375722905735856
2001-03-07,-21.692040561139393,7.831036231495777,-39.31255421619369,22.625678210223516
2001-03-08,-20.055740734460095,8.656861014035375,-40.33790650651461,21.921248763974766
2001-03-09,-20.431104323550844,8.291971873304515,-39.565382546718816,24.842521916335585
2001-03-10,-20.692562570136072,8.408185765389852,-38.34663391328708,23.65029696642328
2001-03-11,-20.849621048695003,8.316864818468899,-38.381119610026495,23.219293685222798
2001-03-12,-21.30658498081915,7.460322676055673,-39.30279847633543,23.249393500300037
2001-03-13,-21.46925097333693,8.248603132901154,-39.71847665088305,22.48778248397693
2001-03-14,-21.390641606235256,8.523653176349884,-41.22780395194885,22.501733331984557
2001-03-15,-21.526389705880884,7.395376961696305,-41.808598083916785,22.89737847935552
2001-03-16,-21.706314062752774,6.244573529657441,-42.2922356067755,23.299115474358643
2001-03-17,-20.690284923169912,7.270502422279042,-44.710047709121206,22.75336791355261
2001-03-18,-21.145956632808133,8.575741528588413,-44.41942992455495,22.895625352460154
2001-03-19,-21.047678933837023,10.51267175586139,-44.54411759218675,21.67698798614999
2001-03-20,-20.11780483198771,10.849949178868208,-44.897670153818616,22.488692160418612
2001-03-21,-21.478346715804655,9.686250385994148,-47.21048358733055,21.190291475228257
2001-03-22,-21.298240523149534,9.575660025669853,-46.983666218383334,21.89419884670698
2001-03-23,-22.089850793190582,9.241816655031664,-48.32329520738715,22.07217019359468
2001-03-24,-21.65980414895897,8.678351557370133,-48.26492285051549,23.730291712808405
2001-03-25,-22.757319633050095,9.303941236134676,-47.112170477604366,24.806424106838705
2001-03-26,-22.9561215461991,10.917114812216386,-45.44972000841503,25.141591119437777
2001-03-27,-23.10740308463159,10.378768743099466,-47.43024996300788,27.307859798840287
2001-03-28,-22.97050602172357,12.242500744820292,-48.20130578051245,26.668542904821983
2001-03-29,-23.57244440576429,13.109765972979286,-47.888859459900345,27.473585250669164
2001-03-30,-22.002579292375405,14.38716891183356,-48.344717706939456,26.942405414049922
2001-03-31,-22.32314742326961,15.301924915289261,-48.092712174742,27.140181471663148
2001-04-01,-22.124359537080586,16.1038821034549,-47.510306889525765,24.12001623853272
2001-04-02,-25.485492182958936,15.427227799071483,-46.551898836019184,23.85850221598295
2001-04-03,-24.89781023597767,15.817274493299935,-46.08499642530614,23.798418011140743
2001-04-04,-26.149104213966265,18.341753496276638,-45.87046118498418,23.13369737675653
2001-04-05,-25.09588330027742,19.174471733345936,-45.273334068087046,22.26298674049813
2001-04-06,-24.640184891845376,19.396860584421027,-47.26900273480969,21.935718479427873
2001-04-07,-25.04118225388969,20.491513634545296,-47.51554076818121,22.027684156243822
2001-04-08,-23.891794101018498,20.09902163877949,-48.60715444002002,20.908275276455825
2001-04-09,-24.473980117582418,20.35343670188107,-47.434028024451194,22.204835394453607
2001-04-10,-24.906197122632808,19.699075657432044,-47.26846696143137,24.401103718651168
2001-04-11,-22.97487069046731,20.650219975867685,-46.84751931463326,25.095277043338456
2001-04-12,-23.5192024870045,19.502645482739783,-47.30182878993289,24.818368200026256
2001-04-13,-23.76890941485693,18.705138210414198,-47.20664917178528,25.149374992923768
2001-04-14,-23.674258710930943,18.04073415000734,-46.403214268557804,26.12321391698128
2001-04-15,-23.33223451429025,19.057081846671625,-46.467278289312205,28.14834296981589
2001-04-16,-22.993917789559077,19.703656094087947,-47.88033739026251,30.78899157754145
2001-04-17,-22.132977905980876,19.627955584993856,-48.24642386867368,31.9863283042977
2001-04-18,-22.00484204150892,19.887675720810158,-49.351544721271914,31.281386527235536
2001-04-19,-22.624023301538898,18.442169316259086,-47.820138681940804,30.1623155713984
2001-04-20,-22.57244552783539,17.981726989749934,-48.05177346980029,29.948105238525216
2001-04-21,-23.660739337186133,18.68376930996999,-46.35166643361888,30.008418994882128
2001-04-22,-24.113874183618773,17.407845697314915,-48.461623745452485,31.96967627215736
2001-04-23,-23.92409314236617,17.629674017052235,-48.05505576899809,32.55882022153415
2001-04-24,-22.52700889885763,18.312994036598084,-48.61312471362676,32.156542353157384
2001-04-25,-22.813943464346778,18.84124032574047,-47.98982727214278,30.34421461468886
2001-04-26,-21.765787822916295,17.58620561891966,-46.72227241463666,29.982563166988662
2001-04-27,-21.702952241277504,16.837974351132367,-46.238220102195356,28.842117949395863
2001-04-28,-21.09294813892818,16.56824040444734,-45.781703304911765,29.458807485651562
2001-04-29,-21.166964403646443,17.926265807744052,-45.79839485344311,27.2202375351184
2001-04-30,-21.125165782097408,18.10154371659698,-46.3097946821637,27.332079019171
2001-05-01,-19.177655610439274,18.74477469681978,-46.63658925179886,27.839823091118014
2001-05-02,-16.569407254517458,18.255108232629897,-46.78065884704261,28.296192937646573
2001-05-03,-16.305847112320063,18.434916221405178,-44.74004783184125,25.68716358510793
2001-05-04,-16.96813512861192,17.31377956081688,-44.66218943548659,25.22663649454175
2001-05-05,-17.126604457714965,17.299013257610614,-44.856628110730696,27.52407151546508
2001-05-06,-18.282109671838523,16.175539182181534,-44.111988679385,28.032470551263856
2001-05-07,-17.273686194818655,14.88119819030132,-44.50380666257705,29.417785353967638
2001-05-08,-14.398196151365925,15.143110955194594,-43.88149756897949,29.941721056638105
2001-05-09,-14.424458661672395,13.978767962016805,-44.395299303147645,30.668722149354437
2001-05-10,-12.693966418683114,14.430264520104984,-47.355207007711314,27.7982958808828
2001-05-11,-14.1211189280251,14.44432431112102,-47.25474828272177,28.413424045632635
2001-05-12,-14.058723164257538,15.193067585897271,-46.039641946849244,28.1897733557745
2001-05-13,-14.169958131726448,14.672515770646205,-46.62500852262867,27.809237674908232
2001-05-14,-13.368665503598443,15.173393243661067,-47.45517595221032,28.27812966965676
2001-05-15,-12.521988316138883,15.295495552744802,-47.10719828538663,29.45997116628901
2001-05-16,-13.793957536187635,14.745174618556714,-46.73932089059069,28.48413563369544
2001-05-17,-12.921234157152389,15.180034524035127,-46.86604096908571,27.67411839018145
2001-05-18,-11.307667618417975,15.163245488887117,-46.96746248271703,26.762040551471326
2001-05-19,-12.403068630936172,14.000392267490028,-45.784915293831865,26.792433456734553
2001-05-20,-11.58563551484672,14.928232058962752,-45.66490809665672,27.47536376446731
2001-05-21,-12.60514848534622,13.536586409489164,-46.430486772968,26.99405562889372
2001-05-22,-13.138863734787703,14.436854225787567,-46.186966237333536,27.187236220436045
2001-05-23,-11.194561897302496,13.872146062223417,-47.8691522430285,28.839811387423186
2001-05-24,-10.346413326215506,15.643580420507632,-46.8333571381043,28.613189297095182
2001-05-25,-9.604382413277696,15.426895808040177,-47.59605196862721,28.854718746400387
2001-05-26,-8.869882562175857,15.300713936940694,-49.48251499156087,26.82726543778596
2001-05-27,-9.491738939068558,13.551596352506976,-48.85098190285747,25.42929933064474
2001-05-28,-9.254606964489577,13.403018543289514,-49.48517598016711,24.657599349476694
2001-05-29,-8.876059841995811,15.793666502268751,-50.252235234949104,22.575772186862295
2001-05-30,-9.213648998267388,16.682632996779457,-49.7341296299028,22.85131394047566
2001-05-31,-9.058468663012988,16.109885596094326,-50.28898681787202,24.016826542503356
2001-06-01,-8.72286809838488,15.97566384198279,-49.85863974933231,23.270497656686874
2001-06-02,-6.762115672256969,16.340183252562397,-49.20083502324819,23.755522696705217
2001-06-03,-8.96255843996284,17.621739937463506,-51.29645018822708,25.016960355125807
2001-06-04,-9.288518526326277,15.853567039592281,-51.315554573328164,25.05235166302958
2001-06-05,-9.164989473101208,16.12043150053163,-53.12897170346635,25.98014088916097
2001-06-06,-10.723733642037773,15.24541738937629,-53.208508580680984,25.801447754132187
2001-06-07,-11.339143784879875,15.200359485141766,-53.78762756900777,26.404917421486463
2001-06-08,-11.633687102454575,13.97513472474234,-54.15002028862194,26.041618983676308
2001-06-09,-10.263382850416717,13.060135094217024,-54.12916943007814,27.028810756371524
2001-06-10,-10.667695781435638,12.777736678540426,-55.943200065058605,26.097113362789308
2001-06-11,-11.846022927029905,14.016504402494352,-57.58987016086876,26.324843909448642
2001-06-12,-13.398723974958337,14.331508770662703,-56.82500810345051,27.296764930651815
2001-06-13,-15.449805109384592,14.644912271611567,-56.88238377586465,25.73172948443768
2001-06-14,-15.350929605805005,13.497956944680194,-55.37316575799838,28.674235916310526
2001-06-15,-14.586406952902898,11.69689123463724,-54.7627829524973,27.753229813326595
2001-06-16,-12.940033216869484,10.634630027304993,-55.67690821778472,26.884987605584975
2001-06-17,-13.40348538686145,11.037561664076563,-56.511116301102334,24.957826525838726
2001-06-18,-14.187101338669468,12.183143191143085,-56.27299959790286,26.329020753857755
2001-06-19,-15.255915058875926,12.344987570929703,-58.221156989180244,27.698736840759597
2001-06-20,-15.212214894340294,12.77452741677533,-58.54271181308764,26.145720253713908
2001-06-21,-14.638386918853287,13.995314279382272,-57.53866869531749,26.46111181881228
2001-06-22,-13.97306076215953,15.409679190850824,-56.733388161986085,26.271384168341676
2001-06-23,-12.031672687797252,15.422384270099535,-56.23576216117249,26.103432777849264
2001-06-24,-12.968673217503477,15.232963923996751,-55.40934837180569,26.128093906598156
2001-06-25,-12.069794852382264,14.535017104094369,-56.28173237935001,25.30297649285014
2001-06-26,-10.152573027241145,12.607707708540064,-55.4570753624438,24.667836733967064
2001-06-27,-9.862847198232847,13.506025792596114,-55.77116328759889,23.041429243637943
2001-06-28,-9.485820993629494,12.848721496138445,-55.98449729284237,22.621503101452973
2001-06-29,-8.273640784643803,10.49791257472414,-55.26192200877786,22.125792426084775
2001-06-30,-9.807182814621731,9.835156789498383,-55.48812802065575,21.822473790560622
2001-07-01,-8.725873163285039,11.64810416211075,-56.07189299009506,22.359212350048026
2001-07-02,-9.075763749571497,11.531771236000658,-53.47819145835302,22.37411353883873
2001-07-03,-9.322103651417008,10.079703775012534,-53.80483764374309,22.108361883011842
2001-07-04,-9.695749037266536,9.645608849473415,-53.78237372212078,22.84503296906199
2001-07-05,-8.787502585456403,9.342052084515018,-53.72905980760161,23.042728239709245
2001-07-06,-10.373581611343964,9.014762163469578,-54.904379920918345,23.88085292135552
2001-07-07,-10.865779972373451,8.588042985693496,-55.58957623856091,24.204631443217625
2001-07-08,-11.675137106603518,8.7552852344727,-55.345159622608215,26.96234959019501
2001-07-09,-12.080787585563925,8.575154364909219,-54.30749907093473,26.44455379210475
2001-07-10,-10.167261862843807,9.128730143684475,-55.271436049478694,25.738789358717153
2001-07-11,-9.118411323118046,8.208354462360715,-55.529075368050286,27.20155716828663
2001-07-12,-8.78604726720527,9.880720007174284,-55.62456310505631,26.381130896147898
2001-07-13,-10.136612793904698,9.628427221964783,-56.57771536262275,26.074839528142338
2001-07-14,-9.257830953774633,9.282584919229446,-56.06395433917135,27.37079364478561
2001-07-15,-9.771903992589472,11.422733087648982,-55.19453283335367,27.52996887455818
2001-07-16,-11.568023323569442,12.557247883787763,-55.008427066645126,27.955310052155383
2001-07-17,-9.61609961118237,11.33129086303233,-56.20239498153784,28.072847052557126
2001-07-18,-9.136814890950198,12.075256550128032,-57.08300478322351,28.032494375278542
2001-07-19,-9.298546142695828,13.493884483981274,-56.53799425573409,27.841733073442054
2001-07-20,-10.406188518222596,11.209917640187248,-57.58295174205509,25.60167969217427
2001-07-21,-11.076830437650683,12.53594272269123,-58.471504938652416,25.304043106512015
2001-07-22,-11.685518641978721,12.41009396913681,-58.821160736663124,25.55829667196211
2001-07-23,-12.96761401253611,12.146583773074509,-60.906410025022296,26.284762463799563
2001-07-24,-12.827136489642662,12.929513180379145,-59.74174210886741,26.086633122974018
2001-07-25,-11.392144437668502,14.126699573553756,-58.23259316853114,26.495758798470405
2001-07-26,-13.373923566507731,13.703746996678195,-58.341907766433486,26.13130046394526
2001-07-27,-11.371442179060198,14.113671957931647,-58.28115952561135,26.393781963377126
2001-07-28,-10.914589438936416,15.838404753891803,-57.27625201968369,27.436513147460772
2001-07-29,-10.324913957972669,16.722756006780767,-55.69801244491594,29.479864010412204
2001-07-30,-10.334890484680095,17.233736224914004,-55.09373105633287,29.062506592708086
2001-07-31,-9.611538522304645,16.454994046668148,-55.860265486336786,28.333680255615405
2001-08-01,-10.062526249683867,17.695183892330565,-56.92945531488351,27.8415622620985
2001-08-02,-12.198238952077203,18.35470441346554,-57.144958875567305,27.28309679906323
2001-08-03,-12.747487740488312,17.978165737218795,-56.79083104042337,25.393885551253717
2001-08-04,-11.335085747891348,17.795437761940185,-55.3716703639288,25.418240129229556
2001-08-05,-10.877166250716604,18.58023884516839,-55.221206819887236,25.210497178422433
2001-08-06,-10.457833084938416,18.753133075848552,-53.097585170633295,26.103196404374707
2001-08-07,-10.638433440908235,20.13314136797669,-51.99290526474904,25.77510277060931
2001-08-08,-11.893302056648066,20.26919555324794,-51.22582259006794,25.704448544602446
2001-08-09,-12.71965302364818,18.91188338081279,-52.91174526488051,25.997015216270178
2001-08-10,-13.236435909395254,18.784670572423106,-52.12179933283422,24.750578121446793
2001-08-11,-14.04932952331851,17.184444844788953,-50.698825229842015,24.29704824806103
2001-08-12,-15.360683653148213,18.590526646558267,-50.861256674791115,24.887638928714804
2001-08-13,-15.909441504327944,18.464862725420733,-50.47146333533704,25.065057018597415
2001-08-14,-15.01897505407881,19.56237580546908,-51.66463640426006,26.368871305753956
2001-08-15,-14.595470069493974,18.002429668982714,-52.39315896211604,24.97159799823449
2001-08-16,-13.065299344892278,18.141539303618043,-51.45393136977815,25.223665081006562
2001-08-17,-14.168035394302743,18.50195673142672,-51.730027405892834,25.142614621836486
2001-08-18,-15.324395331304606,18.27372291205923,-51.6070464004398,26.02994594899677
2001-08-19,-16.14456058832941,17.818583038339238,-49.59640402640595,25.56692353026263
2001-08-20,-15.898917884969904,17.1758636403912,-49.938094042524206,25.69746801066337
2001-08-21,-14.737173001777496,17.303740940023747,-49.61396622199843,24.388811325031593
2001-08-22,-15.245860982658805,16.20908418265639,-49.96063457235763,22.123575764656717
2001-08-23,-15.161246834275003,15.75047933424811,-51.5138518498229,23.393425353868817
2001-08-24,-16.205777670147484,14.413441360745711,-52.49646895953046,23.947573558364834
2001-08-25,-16.777660240805588,13.280619605976915,-51.87419145700396,24.993963437814834
2001-08-26,-16.304235367260087,13.596025032915945,-51.947550885863045,24.21970494890064
2001-08-27,-18.15298453584862,13.3975570493046,-50.22634349291441,24.584165160923607
2001-08-28,-17.327672293788662,12.290987931877922,-48.81050039537628,23.56943530353341
2001-08-29,-17.00788875431815,12.798529443514747,-49.1272016862142,23.19814461752275
2001-08-30,-19.702660163240388,12.144115989973422,-49.52707861852617,20.89959044482093
2001-08-31,-18.794521264256325,13.051155026036463,-50.18259652843443,22.383704031254695
2001-09-01,-19.91275271237706,13.639775453574552,-48.94782823989728,23.185681322285088
2001-09-02,-20.890795013745635,11.514760549468328,-48.82809833703848,22.224388384265772
2001-09-03,-18.33885263062858,12.722343435521726,-48.01422918399152,21.01628525327723
2001-09-04,-16.86590947907156,13.468448645634748,-48.11565924225404,22.181732418709352
2001-09-05,-16.006905742846087,13.72979738170094,-46.51022333984896,21.00958240460816
2001-09-06,-16.027733238769095,13.857678350405939,-47.67331520650187,19.978613868051585
2001-09-07,-15.084532799014815,13.434830047923077,-48.18043039015342,19.662201768202582
2001-09-08,-15.892094009998912,11.396929772942464,-47.77985452409502,18.824042592445934
2001-09-09,-17.396267859591045,11.972374860383175,-48.75464780947952,19.31893536699778
2001-09-10,-16.090259821583416,10.850027539086428,-49.3125630496215,19.393481723169195
2001-09-11,-17.815515391750694,12.652427542042632,-48.61280593196036,19.81157116694252
2001-09-12,-18.083872931467212,11.357114860875122,-49.47057192527863,18.831417215778906
2001-09-13,-18.160539107206453,10.170499222670006,-49.738427470945744,20.370896900003704
2001-09-14,-18.06555864311102,11.062782946749502,-49.40957764729716,19.958925543904574
2001-09-15,-17.565686744711652,10.723366646679215,-50.27753167593095,20.95512237215089
2001-09-16,-15.069811631564523,11.093395853311364,-49.7365847565346,21.332860400865233
2001-09-17,-13.977723423209858,10.103089169174423,-50.3292734315254,21.453005961896057
2001-09-18,-13.604946850329558,12.309696273205255,-50.809086349920356,21.020193742526217
2001-09-19,-12.745399964185523,11.595766812521823,-51.433814999091055,23.316449009450942
2001-09-20,-13.469781181535852,9.89480339572774,-50.51737232883218,24.578059967014358
2001-09-21,-12.505883358988234,10.977709620640203,-49.825827061320936,24.855466076307113
2001-09-22,-12.228130054087876,10.762271747979039,-49.436468368697994,25.87193011444296
2001-09-23,-11.617329520187939,11.602907397078734,-50.68751806898299,27.573006220576616
2001-09-24,-11.950816052465221,10.104128358901463,-51.198452036870876,26.923631556181295
2001-09-25,-13.794156351464075,12.064298894468772,-51.11904814939613,27.748380890640178
2001-09-26,-13.801748889149026,12.43758842959298,-51.0720912956926,26.99940642370958
2001-09-27,-13.602400609781416,12.810928845733233,-51.13907484516481,27.30652182135794
2001-09-28,-12.564144362959397,13.156046704063632,-50.636044435787674,27.005569797144307
2001-09-29,-13.392163106349187,12.164169712302678,-49.824273878527634,25.669468643309752
2001-09-30,-12.67611703278521,13.029954988859396,-50.14702637963366,27.695872503149594
2001-10-01,-13.207688750807025,14.17167053347252,-49.64734302877481,29.607102988804495
2001-10-02,-13.30555106008883,13.543634320423346,-49.997176108370795,29.42108582447493
2001-10-03,-12.1508467017733,11.991089267330452,-51.43047421292188,29.594184765253516
2001-10-04,-12.283199109918328,10.34001639966459,-53.142440072095944,29.319158357110645
2001-10-05,-10.563883518526687,10.396320771737159,-51.8738656202116,29.47161776516003
2001-10-06,-10.319827993788278,10.025573436525152,-51.21372351597453,30.4389324613308
2001-10-07,-10.659092415948614,8.863377382443353,-49.86020466511637,30.686574955047934
2001-10-08,-9.497372870085803,8.682354971808703,-50.66508119897408,31.005249274832646
2001-10-09,-9.034504171621952,8.938593681677233,-49.92520080886541,31.468366012145133
2001-10-10,-10.882243625116887,7.978045851284973,-49.61459851067321,31.921305580047687
2001-10-11,-11.67421869586154,8.514792054813977,-51.23525448456971,31.892338587141783
2001-10-12,-12.492995365945193,7.10337749732197,-51.03612403177956,33.30248002438501
2001-10-13,-12.621832122228316,6.851236793724241,-50.349656915207184,32.72531908076766
2001-10-14,-11.665413044550004,6.064155743559171,-50.07006424604078,31.746889180403123
2001-10-15,-11.813846361073459,6.985137415896612,-49.968566530190145,31.766298369131004
2001-10-16,-12.13870202813017,7.549859344998737,-49.739249921784506,32.48939509631917
2001-10-17,-12.246971047290783,7.914309264819863,-49.861390270228085,32.63057097085995
2001-10-18,-11.917987491463185,7.998174556900896,-51.735025424371386,34.06634348002702
2001-10-19,-12.050723602129393,6.230996258826064,-53.3440462449267,33.97522969985165
2001-10-20,-10.818655161103415,6.408305785559093,-51.37506510930385,35.11358333691763
2001-10-21,-12.072691970432988,8.56830004174382,-50.305464375080476,35.52802599346506
2001-10-22,-13.341650899051553,8.830594417612128,-50.13562023823245,35.716452620164276
2001-10-23,-12.362785492537721,7.587220860787857,-50.69619039221695,35.6261259026675
2001-10-24,-12.575096715292224,6.677217902450687,-51.68524017325472,35.58346331449563
2001-10-25,-11.222610084293228,5.717243605534972,-52.606383708952634,35.04892209217583
2001-10-26,-11.95315465370822,5.3658242211953615,-51.81298002041126,34.795474740882355
2001-10-27,-11.486558320571145,5.3109864955108845,-50.957240549206055,35.57288645678484
2001-10-28,-10.571745224773165,5.328985291092393,-51.321429023585054,36.06827688341122
2001-10-29,-9.677472821462423,5.120534676270728,-50.48648306930445,36.89076689988107
2001-10-30,-10.440576139234116,4.20550025615083,-50.92847372748356,37.91946118796588
2001-10-31,-9.422263753715447,4.532505998873834,-52.32757446835708,38.012269352696194
2001-11-01,-9.8289258892629,4.948987485897012,-51.939451079633905,37.304789444877734
2001-11-02,-9.459236451087259,5.249252556266919,-50.32937598255542,38.12541550218821
2001-11-03,-9.819015581152673,4.697664979018613,-50.19745789559661,38.95901649314596
2001-11-04,-9.438527170909222,4.20922832094022,-50.463299667640875,40.18039273852288
2001-11-05,-9.608767308408941,3.293513970321218,-49.97359551838892,39.82581823329521
2001-11-06,-10.602539289569572,4.202545780396798,-50.30064317069767,38.59435253724596
2001-11-07,-11.821124429300244,4.041906507712217,-51.63067226913536,39.47060795129813
2001-11-08,-13.21557077787677,5.124539642151986,-52.433596759914096,41.66503112614662
2001-11-09,-13.540704139960221,4.372091376188095,-52.7883143222482,41.14009970076251
2001-11-10,-12.73590593375051,3.0656697012536727,-50.21379172814542,40.378749320928485
2001-11-11,-12.061000338717967,3.8646293780076544,-50.33180389929693,41.13383233052012
2001-11-12,-14.312182462826415,4.406186690293639,-50.065081185502095,42.69166379259942
2001-11-13,-13.763887976254253,2.7271832910252596,-51.888369211126296,42.36139384841297
2001-11-14,-14.50544507214687,3.645656326145536,-52.404444147806174,42.53573863426361
2001-11-15,-14.616097642716465,1.101758053883119,-52.734624747172695,41.65054507031045
2001-11-16,-12.893358673535653,2.093612657567371,-54.57137024041752,42.31023685198482
2001-11-17,-15.424829949740442,2.7346106427678745,-54.48387369732864,41.163635396692996
2001-11-18,-16.8305887394658,3.41778471793681,-53.20641366671299,42.53023272156223
2001-11-19,-15.76054888433364,3.101441412018426,-52.4734213069105,43.54659748387929
2001-11-20,-15.417403359158786,3.5356275041607645,-52.11348948218509,41.48743118658282
2001-11-21,-14.740851228243127,5.415429153399652,-52.40407463825669,40.96746768625611
2001-11-22,-13.099128619756085,7.855833026415267,-53.95680199470525,41.33452295511204
2001-11-23,-12.615997481753388,7.6246447642404656,-56.7873559267989,42.748884386401365
2001-11-24,-13.939811980689063,6.284697774922167,-54.672307227908746,42.34388778001205
2001-11-25,-13.874018851428705,6.9915959307449045,-52.36627301726392,42.56605320832531
2001-11-26,-13.571074791047904,8.587112270103074,-52.35905944594325,42.28683764527571
2001-11-27,-13.843226175285729,8.206386760540273,-53.56272583820894,43.53787419159642
2001-11-28,-13.212199892125604,7.479230489196421,-53.22297746281008,43.65109097796912
2001-11-29,-13.960578449428404,7.477921728275568,-51.702282529521085,43.71863970180332
2001-11-30,-12.917887986389857,7.884327131350175,-49.71914013898188,44.62064002447415
2001-12-01,-12.800683180256941,6.886026232722157,-49.981814559284146,46.013709330435596
2001-12-02,-11.623845127256555,6.018369172255451,-50.887022051375126,45.56390155639321
2001-12-03,-12.559221115109466,5.817451436292827,-50.76494262267602,46.98041683668431
2001-12-04,-14.101784617295708,3.7265866236412633,-50.681646770550046,47.20378945796238
2001-12-05,-13.65211286139601,4.696612502502959,-50.048396468948916,47.69503705154444
2001-12-06,-14.011249111826919,4.100149684336156,-52.97946372419395,47.59264371004825
2001-12-07,-12.32053481511021,4.965202651055213,-53.67362221446435,47.653085809364015
2001-12-08,-12.720706425936058,3.1435185272624606,-52.362295425263916,49.94420481155299
2001-12-09,-11.081673041971882,3.9407365977769278,-53.17595493787743,49.73900903460867
2001-12-10,-10.355730187117535,2.838076461179324,-54.641993253022775,50.89666621271637
2001-12-11,-10.911817704760296,3.9446598093101586,-54.97149034474574,49.92776927397168
2001-12-12,-11.167395014578863,3.984220828391061,-54.69905459475289,50.770827728655846
2001-12-13,-12.146174639631312,4.462412401565625,-51.885361136529696,50.33313871670584
2001-12-14,-10.792832061267726,4.228474927548556,-52.14597930216259,51.11483743155115
2001-12-15,-10.811234958108933,3.8242202308580415,-52.39304251570853,51.50732024188414
2001-12-16,-8.62886953803517,5.6290908508702096,-52.588521303027285,52.38440628907474
2001-12-17,-9.470718629461777,5.09489999817842,-53.10940093353265,51.85639911330802
2001-12-18,-8.065036457991384,3.5788441881067286,-53.05834440074038,51.861799076378645
2001-12-19,-8.634434237208815,4.366932681134677,-52.67373313231933,50.88487229104242
2001-12-20,-9.553879847438544,4.462771161130842,-52.32158731910228,51.90141193612511
2001-12-21,-11.534029120285213,3.474887072918379,-51.5406018266847,50.78848386716419
2001-12-22,-10.295825395160595,1.2148598023171528,-51.82731564893005,51.28811572540562
2001-12-23,-8.676728105391401,1.974102697166465,-52.43760307724032,51.86276321266957
2001-12-24,-9.566825876723568,1.7751518691311767,-51.90895355556035,52.06885684241414
2001-12-25,-9.405667788531126,2.3253365590948833,-50.27825990830927,51.31800208477652
2001-12-26,-8.198867717946378,2.0908187675960344,-50.59795986929142,51.27000362921608
2001-12-27,-7.993918600044711,2.647692405298969,-49.987584978735114,51.408931973824274
2001-12-28,-9.536475385592903,2.650251676676952,-50.97823053455352,52.08842083255674
2001-12-29,-9.592724083919297,2.888398513475949,-51.888883647299906,51.92541089585259
2001-12-30,-8.502488594597414,1.4174931082411055,-51.96550100745726,51.49766106230699
2001-12-31,-8.45551311329136,0.4957867537846271,-51.943243437658644,52.6122124520675
2002-01-01,-9.094337532913137,0.3403449826518737,-52.8578066355531,50.08632853789758
2002-01-02,-9.326351786010592,-0.2915154748644903,-53.686513400128604,50.16605666270222
2002-01-03,-9.62390753680013,0.7640038629911177,-56.15143083837595,51.65061739772536
2002-01-04,-8.684569177274872,0.4685468207621733,-56.49026085251975,50.54392008775797
2002-01-05,-8.101668247288716,-0.15425648448695645,-54.854499134541264,52.29418949792373
2002-01-06,-6.934578287970173,-0.5347069568730851,-55.04067473040933,51.664550490143924
2002-01-07,-7.109145787722945,-1.8779071812365498,-55.894725748004795,53.02335290588378
2002-01-08,-6.833821778437041,-1.764002325737946,-55.867434796205444,52.30262851019158
2002-01-09,-7.901156949646274,-3.0427577314082144,-54.05917170892783,52.27119840858234
2002-01-10,-8.88268789261293,-3.2167567091597724,-56.62844451695221,53.32178219109782
2002-01-11,-9.266784374681023,-4.220572094476305,-56.61417312850208,53.18461426518637
2002-01-12,-10.2918874715658,-4.230731986447901,-56.37817857900035,52.7797993872465
2002-01-13,-11.698724986328516,-3.492820481863227,-54.72415452142481,52.4487569098645
2002-01-14,-11.975789701562881,-3.4809430289024,-54.774490032984026,53.003809864396366
2002-01-15,-10.50550501943266,-4.435957624177216,-54.08712638081962,53.074284237893
2002-01-16,-9.352294774956697,-2.8759367570113987,-54.35648441223074,52.833552632132836
2002-01-17,-10.142754540277023,-2.2483088192063914,-53.142947292343685,52.804378764626506
2002-01-18,-8.786018490297018,-2.7354659184706525,-52.85771564646352,53.774432789041356
2002-01-19,-10.329459327064908,-0.6663087520221995,-52.86554910962661,52.86783323374372
2002-01-20,-9.844482779907233,0.5857885378802348,-53.32818604743367,54.45287128724783
2002-01-21,-9.194518577247337,0.35778292534949496,-54.670026620079796,53.15352065502009
2002-01-22,-9.24980698532901,0.614169082702156,-56.06482682227758,52.328717118627274
2002-01-23,-10.852676859301079,-0.07747630774031022,-56.69268800557643,54.37939924193776
2002-01-24,-10.987955304523606,0.5360659795808921,-56.527585932809245,53.90085955500468
2002-01-25,-11.861951246706623,1.3878580184270608,-56.97209828367522,53.708573349330436
2002-01-26,-11.39849878307215,2.667257164604596,-55.73578801721506,53.75080963568656
2002-01-27,-11.199716902511643,3.064505084476794,-57.71507167623003,53.94780016746461
2002-01-28,-13.371874328609819,1.118278848005357,-58.34418870345151,51.9822697789063
2002-01-29,-12.949707913046266,-0.18521767070223616,-57.86905615215277,52.49375363853469
2002-01-30,-12.701724333357426,0.31736475813113796,-58.59705922703111,52.46712778303199
2002-01-31,-13.239365245697192,-0.8628079912860583,-59.47420310346602,54.18844427602125
2002-02-01,-13.058864134756538,-0.5227119262417596,-60.57639383890074,54.0524772350703
2002-02-02,-14.28816643938712,-1.5984072405825382,-60.15306382882207,53.91187298762426
2002-02-03,-14.256786022837593,-0.00195982112398263,-59.989373129445845,53.2502186343343
2002-02-04,-13.547019036483716,1.4767946839537902,-61.02970948077739,53.4359856410877
2002-02-05,-15.158439273841028,1.1341345198867052,-61.503756364579814,52.025375018019005
2002-02-06,-16.213751941309535,1.658554638915124,-60.95644406379648,52.55168889950389
2002-02-07,-15.93910285604021,1.5948972882013694,-60.21737444117879,52.34760776175302
2002-02-08,-15.919299238608847,2.741266297941626,-60.13947294446773,51.724453628577734
2002-02-09,-15.806517664261515,3.7352773085341227,-60.41864233135477,50.372825414049785
2002-02-10,-16.767930570859434,2.795414050498276,-58.95196682404678,49.754075210212285
2002-02-11,-16.52669312823859,3.954814812620354,-57.58271751776264,48.447566088074225
2002-02-12,-15.67271502970247,3.0040701686379863,-56.82454702395574,48.105696771554804
2002-02-13,-16.079073362838432,1.8731025045913403,-56.13581464952854,49.869963219314165
2002-02-14,-16.20239527949032,2.3936213099364805,-55.18093567803777,49.50934104374963
2002-02-15,-17.453745532145764,3.4979194159323423,-52.68089617304559,50.77033160872003
2002-02-16,-17.21614365162405,3.506922972793511,-52.438903971081416,51.748897247184
2002-02-17,-17.877491971496895,2.6497362077214497,-51.93479150472916,52.27377533282568
2002-02-18,-16.750708098531568,1.3689799687463744,-53.075267833054575,52.582680390743896
2002-02-19,-17.81642463226884,1.9856186666341769,-53.57709128675428,50.877402918552264
2002-02-20,-16.09223497654601,0.6135442406623861,-53.28291098360672,49.913078519279686
2002-02-21,-17.140153503620787,1.1379813494439095,-53.68809718756632,50.51892206568519
2002-02-22,-17.71644451473926,1.570119800445099,-54.329839193556396,48.133103304924596
2002-02-23,-18.55780538991778,1.2934210438366058,-55.65311943180741,47.02363316173434
2002-02-24,-20.188268659864544,0.3778333100489636,-56.6592471159208,47.484906404209106
2002-02-25,-21.49970153434241,0.18628730776930294,-56.866623068876414,47.800055849575145
2002-02-26,-19.96438778656647,-0.16165049884094765,-58.73922372184588,46.94857237517228
2002-02-27,-18.584624018587906,-0.40446336676953876,-58.326850213890495,46.500582705098196
2002-02-28,-17.51818089702233,-0.20684249614656386,-58.07745932793529,44.91798037015927
2002-03-01,-15.79558520610603,-0.10140022022405351,-57.294634680432345,44.8324080731142
2002-03-02,-16.501385598358443,0.47363334650017663,-56.82093646762426,43.51129120505024
2002-03-03,-14.940714487717479,1.1865743976420715,-57.65120007170818,43.557732132607896
2002-03-04,-13.428673345900647,1.0810571170809051,-58.58613073191692,42.43041492287657
2002-03-05,-13.92874231991867,2.6772849190766403,-59.32409001247481,42.06105226546861
2002-03-06,-14.16482176006209,4.269791904644448,-59.94039282327902,42.2021297988
2002-03-07,-15.07367443816679,5.621927577986579,-57.8749283190365,41.07572213147818
2002-03-08,-15.859698678369794,5.198700686993196,-61.04551361403524,41.527766895027334
2002-03-09,-17.75589146871785,3.9274076599957937,-61.32338781110807,41.24749144030314
2002-03-10,-18.11920422291033,4.645996303216631,-61.9052527217071,41.02168322121313
2002-03-11,-18.497527388473895,5.556138712410646,-61.29081292702592,41.36727831775366
2002-03-12,-17.82196777585605,6.012689999616925,-61.17491668453261,41.55176897565118
2002-03-13,-16.822629881626987,6.586043464357978,-62.1599127501005,41.26571011404639
2002-03-14,-18.02007696723785,7.380400366529187,-61.541241758323636,41.08888641121482
2002-03-15,-18.060160326264715,8.008503576178459,-59.89479246242128,41.933134848974206
2002-03-16,-18.338200554346255,9.60997857363751,-60.57907875382603,42.946675494953894
2002-03-17,-17.898685274986825,8.419621674883926,-59.98614499742295,43.538453999194616
2002-03-18,-18.882101172263923,7.8957950446016465,-60.9719637495013,43.697234911972245
2002-03-19,-19.174709012661033,7.447796063321129,-61.79930977493694,44.73270854399888
2002-03-20,-20.541285896086052,8.474914447892212,-61.477400723538935,45.1368386933316
2002-03-21,-21.1983199594757,6.670056507561329,-61.30182636459332,46.06912627779686
2002-03-22,-20.376053896110985,8.77756596319124,-61.93527296689038,45.60750612756926
2002-03-23,-20.420120925110396,7.590727909680819,-61.577141860310505,45.397994261172514
2002-03-24,-20.415627356341194,6.518980752355326,-62.77505394890886,44.83033097177882
2002-03-25,-19.118774581424475,5.8988389142939415,-61.27598533491874,44.73819015540723
2002-03-26,-19.84355619500695,6.87356097273731,-62.5141324877118,43.900335670729
2002-03-27,-21.96641567240999,7.335629465842205,-64.40641706303278,42.9719887944529
2002-03-28,-22.183866818657464,6.828055013240548,-63.80574785338088,43.18254119674979
2002-03-29,-23.076698300896922,6.7032223568136295,-66.13587911462085,43.548282416374555
2002-03-30,-24.724023192002843,6.906970572736688,-66.3631622396646,43.56348629509618
2002-03-31,-25.623640904054938,6.295000543373586,-64.94727027904466,41.831877318462276
2002-04-01,-24.07626575274247,7.159140729817425,-65.24516384683187,42.31427985454112
2002-04-02,-24.908591521962805,7.144159003998309,-65.63771234509552,42.63499090269947
2002-04-03,-24.456404927534017,7.361403969745363,-66.79746578862276,43.099030466452184
2002-04-04,-26.361337788567695,7.9773065773231435,-66.19192613314745,44.06791589493245
2002-04-05,-27.26975069061274,6.438736352300046,-67.82969649174188,43.64235547498657
2002-04-06,-27.711041225408962,7.1096876175647195,-66.28030941891109,43.025228342257925
2002-04-07,-28.845493479390015,6.337449829827142,-63.90301943283488,43.45306900698172
2002-04-08,-28.13548127731267,5.258937058420269,-64.0007722880449,40.90247426691394
2002-04-09,-28.115786976042777,6.455112211192086,-63.76382217452981,40.083541603489515
2002-04-10,-27.33397188085728,6.162207808997028,-62.72317319774952,41.09938580466916
2002-04-11,-26.927673625553872,6.598240212157903,-62.07838790140276,39.00082229484843
2002-04-12,-25.110382443595714,7.717684289981106,-63.04891656283728,38.546758671497535
2002-04-13,-25.166069606899867,8.437813583573224,-63.248806691298945,38.39134745480367
2002-04-14,-23.497292062563368,7.92019459615728,-61.32133969689162,37.80129537845276
2002-04-15,-22.963604932837043,7.982394805819477,-61.58865691606203,38.61423787375361
2002-04-16,-22.734748979802408,8.088613142385915,-62.10061561343092,39.26628150757118
2002-04-17,-22.144269731873074,9.8611886708717,-64.32763930433181,40.01564079731849
2002-04-18,-21.10919348290488,9.459599613007706,-63.913068337040784,39.52501341896411
2002-04-19,-20.509194339495156,10.285240650663747,-65.86086013889279,39.81913547425586
2002-04-20,-19.83653815307575,9.926091970501123,-66.13111778302985,40.676215970137065
2002-04-21,-19.647512267519744,9.61506775633807,-67.88681803703568,41.577751680813996
2002-04-22,-19.35436882187466,8.750233673148053,-66.76962326728342,40.49278803055107
2002-04-23,-19.309931746619412,8.49814874005316,-67.13513105344327,39.80911450803939
2002-04-24,-18.33171503862357,8.630643270505253,-67.97693289889038,38.723088555462155
2002-04-25,-17.549213275936854,9.333781946841672,-66.27839480239709,39.028584029645856
2002-04-26,-15.80736591138011,9.562453957409444,-66.99722464450396,39.83967102837014
2002-04-27,-15.719494064495766,8.410728747999975,-67.1200629482646,39.783907774574864
2002-04-28,-15.533482280030679,8.451246970540906,-64.8510438144504,39.95594667846815
2002-04-29,-16.131038650596057,7.791033433254039,-65.26857080601847,38.956380064250204
2002-04-30,-16.37521715457682,9.296107631519556,-65.87635343727639,37.89248105571551
2002-05-01,-15.09711102455899,9.031938337047926,-64.72239749984695,37.725706484823355
2002-05-02,-17.125837762190045,9.007884976842286,-65.51704358719806,37.986008905096725
2002-05-03,-14.863788552442585,7.205063710306006,-64.16511742105048,37.92383335141281
2002-05-04,-16.59710033936074,4.413260676804555,-65.08275044584033,38.05362741483498
2002-05-05,-16.929546365904365,5.772048912794143,-64.77655295201323,37.66094473235627
2002-05-06,-15.943920062413712,5.283319659323811,-64.73619661196312,40.200554533749035
2002-05-07,-15.52821418654509,5.3859758528397785,-64.95661895504091,40.37297724634324
2002-05-08,-16.935393120885447,5.1642593267397405,-63.461300830076624,40.86669759400004
2002-05-09,-17.00808742874472,3.24998297884217,-63.29020980155954,40.66198666881099
2002-05-10,-18.959126395287804,3.4951437461245387,-63.99806979888541,39.875234766663084
2002-05-11,-17.899441321022184,4.415722421513032,-66.32663657594742,41.075395692496016
2002-05-12,-17.166075954022325,4.972193831558417,-66.36895204227935,41.281129878571186
2002-05-13,-16.433774039628773,6.358641066262665,-66.38022893222511,43.13905048483326
2002-05-14,-18.41848753784666,4.869492937878663,-64.28762945711344,43.611040396147104
2002-05-15,-18.368699879979765,3.6189976774548325,-64.65763141643308,44.37057523505796
2002-05-16,-18.360262471711135,3.4382060661522575,-63.50825686838604,47.360680995492714
2002-05-17,-18.61796457098819,3.769057671740273,-65.34177916658896,47.66416613566596
2002-05-18,-18.9757731739497,4.994477558412694,-65.43991520591213,47.834910729896464
2002-05-19,-20.908955228041556,5.1368405525280165,-66.85876644629066,47.64949849948071
2002-05-20,-19.160669319111722,4.608166480763103,-68.30763006448827,47.81862563225223
2002-05-21,-20.16339805234438,5.592857847947501,-67.61358620776996,46.65773209259273
2002-05-22,-20.49797299249558,7.601970152254715,-67.78258117749535,45.69076797646743
2002-05-23,-22.408226882871297,7.593269088061882,-68.50605062800435,45.29844488210559
2002-05-24,-22.433252877656564,7.9360498359455045,-68.35101583253957,44.19320251826989
2002-05-25,-21.775048957393977,5.842169975503585,-66.24716331262336,44.998879474496206
2002-05-26,-21.457165140006243,6.163068203812674,-65.59856056390971,45.60139617179787
2002-05-27,-21.79702783216596,7.4510699492592485,-66.51360808099022,46.2457903804444
2002-05-28,-23.518262721948297,7.7429344151076,-65.30802632841426,44.039925092121834
2002-05-29,-24.42075514016853,7.064039312632019,-64.445526518074,42.966553711505405
2002-05-30,-23.653143618231205,5.2066496943460745,-66.60844678804746,44.14276900771335
2002-05-31,-25.05162449160938,3.8101337127709414,-64.49158482738277,44.885913997167044
2002-06-01,-24.71332591515829,3.4710356113137193,-64.40420648659163,43.214324922091556
2002-06-02,-23.62580113385225,2.1290894800827305,-64.43090826327291,43.6703469581514
2002-06-03,-24.213226696043645,1.7445515330343855,-65.42656187560945,43.42818382230104
2002-06-04,-23.267984159814006,1.68106277275717,-65.66668499598039,41.56144646926155
2002-06-05,-22.676780441217655,2.1241507451578077,-67.12362967058482,40.57794567569723
2002-06-06,-22.98627160538672,3.011691201148256,-67.28059923156717,42.10475481505075
2002-06-07,-22.653614468029474,2.149955656844871,-68.73694332356483,42.09369463898038
2002-06-08,-21.763567910757484,2.3877089884317813,-67.22650651925093,41.673350831264095
2002-06-09,-23.020576263400574,1.7855286300122626,-68.55806675578965,41.471068867836706
2002-06-10,-24.407247336285245,2.043470728768343,-69.65527025717954,42.30346359317088
2002-06-11,-23.614669725432048,3.030923177147595,-71.03729059385576,42.376494660354325
2002-06-12,-24.10669280602287,3.5478796402845627,-71.03867156482228,41.87532507824252
2002-06-13,-23.604672497746485,4.977346465073911,-71.81486501055369,41.11898113357376
2002-06-14,-23.409603303086296,4.548257230963226,-72.4212622891925,39.92770401088057
2002-06-15,-24.336618967906457,5.66633775656272,-73.68610367937767,40.000891543992346
2002-06-16,-22.523403402821938,6.676304813355207,-76.37943961708196,41.80698611822309
2002-06-17,-20.723896746370002,6.501407693704819,-77.9649692834396,40.31862630246679
2002-06-18,-21.46440198361544,4.198058226057734,-79.11845261642145,40.537924177178226
2002-06-19,-20.29584341239574,5.425743683934929,-77.50723060263371,39.04281955338691
2002-06-20,-19.847066074461512,4.337114487833522,-78.73390016523098,38.96890256915411
2002-06-21,-19.47422511969501,1.7678743870872342,-76.27563439922437,38.12833337997262
2002-06-22,-20.194347759839044,1.9905177371558727,-76.66147057957568,36.87746274111554
2002-06-23,-20.552254739099187,3.685176054345503,-76.60652009649888,36.44593133404451
2002-06-24,-20.41172983507334,2.9690152545617554,-77.16253968266709,35.5106248550801
2002-06-25,-20.64849829136974,4.477831205056702,-77.1840350629939,34.7155201735722
2002-06-26,-21.612197755661597,5.152826270544397,-77.50485197324726,33.868615418760285
2002-06-27,-20.30418988920249,5.231916780460222,-77.69340147505827,35.88038911502618
2002-06-28,-21.072916093279744,4.696546429553085,-78.12460872421572,35.46826661906007
2002-06-29,-20.838652366320677,5.502099218586185,-77.31829140292128,36.977152568668544
2002-06-30,-21.36457475988642,5.893881275417506,-75.68167698991611,36.483754540228716
2002-07-01,-23.189899929800102,6.457789830866562,-76.52752334140412,36.42947367461551
2002-07-02,-24.49126315646683,6.083929176216917,-76.28915219233694,37.23576497747247
2002-07-03,-25.060563121994996,6.658695051980462,-76.50805901150119,37.904171988020146
2002-07-04,-25.011647018980852,6.1785685944852595,-75.46647312017292,37.710263761465015
2002-07-05,-25.132359930578648,6.537677286074346,-75.17437166871528,36.89865375827726
2002-07-06,-25.654264266405267,7.778680478293399,-75.6755479919,36.09247699645883
2002-07-07,-25.750268663121698,8.527390704174762,-74.56826891071587,36.459949431733406
2002-07-08,-25.75261387729899,9.332680829555903,-74.23693353579259,35.72288313966178
2002-07-09,-24.55342171593911,8.211655452209211,-72.1840339914507,35.52220880922708
2002-07-10,-25.55067183327719,9.547401812882052,-69.71913679884989,36.07596887896043
2002-07-11,-25.516623430930498,8.66744705343615,-68.80656115549249,36.46380022127944
2002-07-12,-26.622868978537472,8.699863965949985,-68.95565066852865,35.77778682244451
2002-07-13,-27.070290861388585,9.34235879929784,-70.2805326731842,35.118759779831564
2002-07-14,-27.597840392920514,10.535990826383085,-71.04990262834949,34.69237347456151
2002-07-15,-27.550663554052036,10.63066627624496,-70.07684446769323,32.71479096673889
2002-07-16,-26.168573061982375,11.633514028097618,-69.56768769054372,33.51246875742941
2002-07-17,-26.34559989975832,13.089041448244991,-73.27795073166452,35.06425637678023
2002-07-18,-25.55595495165458,13.551739015496526,-73.57903024926738,33.05989102167983
2002-07-19,-24.546517270629323,13.595191643233504,-72.94166929361892,32.98058794613983
2002-07-20,-25.388777105979774,14.891764792801768,-73.43374555736088,33.57605168503982
2002-07-21,-24.23465894402025,14.307244111143858,-72.95591925969038,33.36733781575087
2002-07-22,-26.403938255437176,14.61492850844082,-72.62368159516289,32.27085989632066
2002-07-23,-27.33755257828254,15.620836367109277,-73.05504901286757,32.24623130056944
2002-07-24,-25.361424162644163,18.069312135802438,-73.63855074599418,31.357754737615693
2002-07-25,-24.40885294293414,18.18992100562657,-74.835407066114,31.412019164900588
2002-07-26,-24.866986427204292,18.326916926484184,-75.28438036313943,30.76540573018481
2002-07-27,-25.355393472016836,16.966979379244517,-76.44677074293308,29.90700823480084
2002-07-28,-25.41755605965959,17.30542772848917,-77.28489566820673,30.31107831327053
2002-07-29,-25.100605951959967,18.12062149744842,-77.39023394197444,30.219802428368848
2002-07-30,-24.819068806038807,18.681037093995716,-76.18540842526379,30.597908913465698
2002-07-31,-24.772308929070945,18.35341922684122,-77.0232078182329,29.688457623154296
2002-08-01,-24.7414902902899,19.505819722227645,-76.44738336221747,28.49694851217594
2002-08-02,-23.01631351150023,20.06317612408465,-75.70714815889627,29.183903238123484
2002-08-03,-23.010682292243303,20.72359715110499,-75.12134650713655,29.462226979682043
2002-08-04,-21.82214447938224,23.07083121449945,-74.57032500050377,28.437498277858992
2002-08-05,-21.64725494782901,22.44356346420168,-74.89157028655494,27.015687411398694
2002-08-06,-23.07941145559142,21.486977645184687,-76.98760322203596,24.756411512485734
2002-08-07,-25.63870003480745,22.61415526873777,-77.07735043245329,27.0429459517975
2002-08-08,-26.574755337530494,22.387484430539264,-76.16412657474214,27.4246542706609
2002-08-09,-26.429283471538074,21.963736150773986,-76.71451064829142,28.876034225046613
2002-08-10,-26.200977269526682,21.994831186697027,-76.85836742844542,28.031735083355116
2002-08-11,-25.837012435259652,22.44624557346858,-76.77943620505437,27.95937101877587
2002-08-12,-24.325114234625033,21.516852314823886,-77.27330796101378,28.37451985045466
2002-08-13,-24.01899804840051,21.40029280166874,-78.32286133982493,29.002228041825937
2002-08-14,-21.65949086814095,22.461015387177348,-78.22522796878313,28.56961234606151
2002-08-15,-21.32901722236879,22.952828251428155,-78.03060709566596,29.857571577428477
2002-08-16,-22.955620937516002,24.2972083303436,-77.38432833676579,29.535574810374907
2002-08-17,-21.414154630447047,24.58946850851572,-76.91049817923047,30.05757143769551
2002-08-18,-21.79892457818546,23.771451714920804,-75.7840670249451,32.104578637413766
2002-08-19,-20.670590750427525,23.667461083176516,-75.23307543662486,29.569332020241
2002-08-20,-21.489205302762205,23.955990113702107,-74.74760695406383,30.704696693315185
2002-08-21,-21.34095366923644,23.212082217536604,-75.29983820198167,31.024795397915096
2002-08-22,-20.4764257632734,24.947013604535076,-75.73689847398182,28.63722473694907
2002-08-23,-21.49709118467914,24.793801984373378,-75.1912986727123,29.047214172745633
2002-08-24,-22.493455732046662,25.398363687342798,-75.32870158694489,29.414267781599488
2002-08-25,-23.52642300380153,24.734122089362426,-74.23368786549504,27.298842709759114
2002-08-26,-23.351767478261372,23.78359095051556,-75.75343584387416,26.84582807293385
2002-08-27,-22.251123529622927,25.211246281628647,-75.65032044245349,28.119676078720385
2002-08-28,-21.384651858214827,25.52994619617561,-74.87267724156862,27.32366191908873
2002-08-29,-21.392484477033,25.629481251277003,-76.3915068761213,27.355863485278007
2002-08-30,-22.390089514021895,25.981032780003563,-75.51372049691129,25.725300362760258
2002-08-31,-22.005191577828136,25.93773118410829,-74.82407608686994,26.398243226172
2002-09-01,-21.19857094324749,26.87360931413067,-74.92053213887084,26.65818974330161
2002-09-02,-22.275726019170357,27.123593944659646,-73.60768033704018,25.121238310991217
2002-09-03,-21.63136891384703,26.570733738897726,-73.39414034041515,24.669280638438146
2002-09-04,-20.462497848293893,25.776372069172844,-73.16341133004892,27.140138986372442
2002-09-05,-20.313091725108976,26.138721516194142,-72.6717259791302,26.46065863620086
2002-09-06,-22.179948363930063,26.01717811389673,-70.51916817243259,27.641981419841656
2002-09-07,-21.869882189468473,26.745148827599888,-70.28722292346195,27.739424118545564
2002-09-08,-21.471777219376737,25.27604270395078,-72.14160703433355,27.85956341326969
2002-09-09,-21.433984265299866,25.251840282053433,-71.76079218858543,27.639015458657795
2002-09-10,-22.345439580120328,23.626917363938453,-69.53321743254976,27.523018991825204
2002-09-11,-23.98528877958677,23.880593935468934,-67.92051303822011,28.74019551205784
2002-09-12,-23.61358544641036,23.246967800791403,-70.1095966659322,30.191581638700825
2002-09-13,-23.511476728266604,22.389698317396018,-69.12885712933374,28.98000936623528
2002-09-14,-22.050333138758518,21.697564731519854,-70.0352211237127,27.48961746645899
2002-09-15,-22.979454204732008,22.602487536106537,-72.08119248695509,29.89166343579264
2002-09-16,-22.353136126511036,22.722022117103858,-70.91292652382091,30.27105746769574
2002-09-17,-22.29691801655319,21.953807573105692,-71.633911744583,30.42062017928054
2002-09-18,-21.747966793831996,21.103645337528977,-72.7330497587913,29.184857234206262
2002-09-19,-21.05967615680291,20.43046418197091,-73.10243187452667,28.626597121610377
2002-09-20,-21.83971831524786,21.226667146517197,-71.68240034682243,29.13682341544102
2002-09-21,-22.084202227889737,20.876348401992868,-72.49586670157932,29.45370171937994
2002-09-22,-23.266514052230008,22.535273691757293,-73.42076267460557,28.944491175428283
2002-09-23,-22.683555434517398,20.977380102297108,-72.72531944787686,27.488130365009887
2002-09-24,-22.688888153652265,21.602692707577777,-74.14044548867565,27.51340287106701
2002-09-25,-21.63094805446936,20.978404396775318,-74.2949932324375,29.20432297105828
2002-09-26,-20.695037986134103,21.195083476355315,-72.76771567086648,28.63696626887262
